<?xml version="1.0" encoding="UTF-8"?>
<xl:export xmlns:xl="http://www.xebialabs.com/xl-export">
  <xl:metadata>
    <xl:exported-by>admin</xl:exported-by>
    <xl:exported-at>2017-09-28T02:51:41.913+0000</xl:exported-at>
    <xl:exported-format-version>7.1.0</xl:exported-format-version>
    <xl:encryption-key-fingerprint>f6094d333c0736339884d1fe38d9c54e14019ac9</xl:encryption-key-fingerprint>
  </xl:metadata>
  <xl:exported-configuration-items exported-root-id="/">
    <udm.DeploymentPackage id="Applications/windowsFolder/1.0.0" created-by="admin" created-at="2017-09-28T02:32:45.905+0000" last-modified-by="admin" last-modified-at="2017-09-28T02:32:45.905+0000">
      <orchestrator />
      <applicationDependencies />
      <dependencyResolution>LATEST</dependencyResolution>
      <undeployDependencies>false</undeployDependencies>
    </udm.DeploymentPackage>
    <udm.DeploymentPackage id="Applications/windowsFolder/1.1.0" created-by="admin" created-at="2017-09-28T02:35:06.218+0000" last-modified-by="admin" last-modified-at="2017-09-28T02:35:06.218+0000">
      <orchestrator />
      <applicationDependencies />
      <dependencyResolution>LATEST</dependencyResolution>
      <undeployDependencies>false</undeployDependencies>
    </udm.DeploymentPackage>
    <udm.Environment id="Environments/DEV" created-by="admin" created-at="2017-09-28T02:32:32.005+0000" last-modified-by="admin" last-modified-at="2017-09-28T02:32:32.005+0000">
      <members>
        <ci ref="Infrastructure/gibson" />
      </members>
      <dictionaries />
      <triggers />
    </udm.Environment>
    <file.WindowsFolder id="Applications/windowsFolder/1.0.0/WindowsFolder" created-by="admin" created-at="2017-09-28T02:32:45.926+0000" last-modified-by="admin" last-modified-at="2017-09-28T02:32:45.926+0000" file="Applications/windowsFolder/1.0.0/WindowsFolder/testFiles-1.0.0.zip">
      <tags />
      <scanPlaceholders>true</scanPlaceholders>
      <placeholders />
      <checksum>1dc14f4228f7731c5254be8f2ec7761d9b8452de</checksum>
      <fileUri>jcr:testFiles-1.0.0.zip</fileUri>
      <targetPath>D:\windowsFiles</targetPath>
      <targetPathShared>true</targetPathShared>
      <createTargetPath>true</createTargetPath>
      <fileProperties />
    </file.WindowsFolder>
    <file.WindowsFolder id="Applications/windowsFolder/1.1.0/WindowsFolder" created-by="admin" created-at="2017-09-28T02:35:06.222+0000" last-modified-by="admin" last-modified-at="2017-09-28T02:35:06.222+0000" file="Applications/windowsFolder/1.1.0/WindowsFolder/testFiles-1.1.0.zip">
      <tags />
      <scanPlaceholders>true</scanPlaceholders>
      <placeholders />
      <checksum>de111abd271207af614180d2526839f831375181</checksum>
      <fileUri>jcr:testFiles-1.1.0.zip</fileUri>
      <targetPath>D:\windowsFiles</targetPath>
      <targetPathShared>true</targetPathShared>
      <createTargetPath>true</createTargetPath>
      <fileProperties />
    </file.WindowsFolder>
    <overthere.CifsHost id="Infrastructure/gibson" created-by="admin" created-at="2017-09-28T02:32:32.010+0000" last-modified-by="admin" last-modified-at="2017-09-28T02:32:32.010+0000">
      <tags />
      <puppetPath>/usr/local/bin</puppetPath>
      <os>WINDOWS</os>
      <connectionType>WINRM_INTERNAL</connectionType>
      <address>192.168.2.102</address>
      <username>root</username>
      <password>{b64}04FTPo9exAR3rlR1dRTBsw==</password>
      <winrmEnableHttps>false</winrmEnableHttps>
      <winrsAllowDelegate>false</winrsAllowDelegate>
      <pathShareMappings />
      <cifsPort>445</cifsPort>
    </overthere.CifsHost>
    <file.WindowsFile id="Applications/windowsFolder/1.0.0/synthetic.xml" created-by="admin" created-at="2017-09-28T02:33:44.975+0000" last-modified-by="admin" last-modified-at="2017-09-28T02:33:44.975+0000" file="Applications/windowsFolder/1.0.0/synthetic.xml/synthetic.xml">
      <tags />
      <scanPlaceholders>true</scanPlaceholders>
      <placeholders />
      <checksum>271786c41c4813600334d6b678f9625e57c3ef00</checksum>
      <fileUri>jcr:synthetic.xml</fileUri>
      <targetPath>D:\windowsFiles</targetPath>
      <targetPathShared>true</targetPathShared>
      <createTargetPath>true</createTargetPath>
      <fileProperties />
    </file.WindowsFile>
    <udm.Application id="Applications/windowsFolder" created-by="admin" created-at="2017-09-28T02:32:45.898+0000" last-modified-by="admin" last-modified-at="2017-09-28T02:35:06.433+0000">
      <lastVersion>1.1.0</lastVersion>
    </udm.Application>
  </xl:exported-configuration-items>
</xl:export>
